filename,pillar #,method,width (nm),height (nm),volume (nm^3),error height (nm),error volume (nm^3)
A3_50g1T_001,1.0,cone,67.44800000000001,290.592902147212,346092.17604671634,3.815508172997798,13843.85098598761
A3_50g1T_001,1.0,cylinder,67.44800000000001,290.592902147212,1038276.5281401491,3.815508172997798,41531.552957962835
A3_50g1T_001,1.0,pillar,67.44800000000001,290.592902147212,789385.2149745343,3.815508172997798,83062.36816848247
A3_50g1T_001,2.0,cone,64.75008000000001,360.62106096347634,395822.36749138724,3.815508172997798,16492.72546960467
A3_50g1T_001,2.0,cylinder,64.75008000000001,360.62106096347634,1187467.102474162,3.815508172997798,49478.17640881402
A3_50g1T_001,2.0,pillar,64.75008000000001,360.62106096347634,1006286.1980556832,3.815508172997798,98955.78210959071
A3_50g1T_001,3.0,cone,67.44800000000001,450.8442454131195,536949.3363403658,3.815508172997798,21478.079124614545
A3_50g1T_001,3.0,cylinder,67.44800000000001,450.8442454131195,1610848.0090210976,3.815508172997798,64434.23737384363
A3_50g1T_001,3.0,pillar,67.44800000000001,450.8442454131195,1312115.7117102267,3.815508172997798,128867.99922848011
A3_50g1T_001,4.0,cone,67.44800000000001,553.8629660840601,659643.2251005691,3.815508172997798,26385.81502024821
A3_50g1T_001,4.0,cylinder,67.44800000000001,553.8629660840601,1978929.6753017073,3.815508172997798,79157.44506074465
A3_50g1T_001,4.0,pillar,67.44800000000001,553.8629660840601,1638514.1741827037,3.815508172997798,158314.5030486325
A3_50g1T_001,5.0,cone,67.44800000000001,679.7747357929874,809602.4224741508,3.815508172997798,32384.16698281198
A3_50g1T_001,5.0,cylinder,67.44800000000001,679.7747357929874,2428807.2674224526,3.815508172997798,97152.50094843593
A3_50g1T_001,5.0,pillar,67.44800000000001,679.7747357929874,2012550.5838644756,3.815508172997798,194304.68651965042
A3_50g1T_001,6.0,cone,67.44800000000001,805.6865055019147,959561.6198477325,3.815508172997798,38382.52392515004
A3_50g1T_001,6.0,cylinder,67.44800000000001,805.6865055019147,2878684.8595431973,3.815508172997798,115147.57177545014
A3_50g1T_001,6.0,pillar,67.44800000000001,805.6865055019147,2431280.2874252973,3.815508172997798,230294.8774603682
A3_50g1T_001,7.0,cone,64.75008000000001,921.5007623941525,1011451.2237345829,3.815508172997798,42143.85062058879
A3_50g1T_001,7.0,cylinder,64.75008000000001,921.5007623941525,3034353.6712037493,3.815508172997798,126431.55186176635
A3_50g1T_001,7.0,pillar,64.75008000000001,921.5007623941525,2519838.009801551,3.815508172997798,252862.88038115037
A3_50g1T_001,8.0,cone,70.14592,1056.161033217465,1360515.8262724604,3.815508172997798,52327.57869197701
A3_50g1T_001,8.0,cylinder,70.14592,1056.161033217465,4081547.4788173814,3.815508172997798,156982.73607593105
A3_50g1T_001,8.0,pillar,70.14592,1056.161033217465,3130297.36353165,3.815508172997798,313965.2610466843
A3_50g1T_001,9.0,cone,72.84384000000001,1226.509889300062,1703826.405142396,3.815508172997798,63104.72362232771
A3_50g1T_001,9.0,cylinder,72.84384000000001,1226.509889300062,5111479.215427188,3.815508172997798,189314.1708669831
A3_50g1T_001,9.0,pillar,72.84384000000001,1226.509889300062,4036552.5973465694,3.815508172997798,378628.1529572398
A3_50h1T_001,1.0,cone,148.3856,330.2482227110442,1903674.2257472815,3.815508172997798,34612.57601830257
A3_50h1T_001,1.0,cylinder,148.3856,330.2482227110442,5711022.677241844,3.815508172997798,103837.72805490771
A3_50h1T_001,1.0,pillar,148.3856,330.2482227110442,4323470.892946875,3.815508172997798,207674.02795386832
A3_50h1T_001,3.0,cone,156.47936,486.45253087003965,3118338.209719603,3.815508172997798,53764.67910306409
A3_50h1T_001,3.0,cylinder,156.47936,486.45253087003965,9355014.62915881,3.815508172997798,161294.03730919224
A3_50h1T_001,3.0,pillar,156.47936,486.45253087003965,7308978.56161804,3.815508172997798,322587.05216786405
A3_50h1T_001,4.0,cone,156.47936,589.4712515409802,3778725.796582521,3.815508172997798,65150.63227163211
A3_50h1T_001,4.0,cylinder,156.47936,589.4712515409802,11336177.389747564,3.815508172997798,195451.89681489635
A3_50h1T_001,4.0,pillar,156.47936,589.4712515409802,8526974.427994885,3.815508172997798,390902.94986674044
A3_50h1T_001,5.0,cone,167.27104000000003,717.617990786687,5256582.18529039,3.815508172997798,84783.74827599047
A3_50h1T_001,5.0,cylinder,167.27104000000003,717.617990786687,15769746.555871172,3.815508172997798,254351.2448279714
A3_50h1T_001,5.0,pillar,167.27104000000003,717.617990786687,11812923.985338591,3.815508172997798,508701.7487658874
A3_50h1T_001,6.0,cone,169.96896,868.8893060042949,6571618.036396119,3.815508172997798,104311.53557484993
A3_50h1T_001,6.0,cylinder,169.96896,868.8893060042949,19714854.10918836,3.815508172997798,312934.6067245498
A3_50h1T_001,6.0,pillar,169.96896,868.8893060042949,14688170.74597725,3.815508172997798,625868.5916763864
A3_50h1T_001,7.0,cone,151.08352000000002,931.7495023423924,5568035.369653138,3.815508172997798,99429.31756288384
A3_50h1T_001,7.0,cylinder,151.08352000000002,931.7495023423924,16704106.108959418,3.815508172997798,298287.9526886515
A3_50h1T_001,7.0,pillar,151.08352000000002,931.7495023423924,11384640.517639637,3.815508172997798,596575.3899772415
A3_50h1T_001,8.0,cone,156.47936,1085.487314030694,6958369.733329904,3.815508172997798,119971.9937770989
A3_50h1T_001,8.0,cylinder,156.47936,1085.487314030694,20875109.199989714,3.815508172997798,359915.9813312967
A3_50h1T_001,8.0,pillar,156.47936,1085.487314030694,13096596.527103338,3.815508172997798,719831.5044585344
A3_50h1T_001,9.0,cone,159.17728000000002,1297.8067600162667,8608764.295160588,3.815508172997798,145911.3458733898
A3_50h1T_001,9.0,cylinder,159.17728000000002,1297.8067600162667,25826292.885481764,3.815508172997798,437734.03762016946
A3_50h1T_001,9.0,pillar,159.17728000000002,1297.8067600162667,15223465.096921988,3.815508172997798,875467.6853901584
A3_50i1T_001,1.0,cone,215.83360000000002,265.99886476946097,3244042.378869916,3.815508172997798,40551.10286244315
A3_50i1T_001,1.0,cylinder,215.83360000000002,265.99886476946097,9732127.136609748,3.815508172997798,121653.30858732946
A3_50i1T_001,1.0,pillar,215.83360000000002,265.99886476946097,4665683.234415111,3.815508172997798,243304.03810965398
A3_50i1T_001,3.0,cone,248.20864000000003,387.1690185697333,6244576.842512436,3.815508172997798,67876.28806844148
A3_50i1T_001,3.0,cylinder,248.20864000000003,387.1690185697333,18733730.52753731,3.815508172997798,203628.86420532447
A3_50i1T_001,3.0,pillar,248.20864000000003,387.1690185697333,9082597.793041756,3.815508172997798,407255.69070551323
A3_50i1T_001,4.0,cone,261.69824000000006,468.1806480371624,8394284.588411152,3.815508172997798,86539.41119678027
A3_50i1T_001,4.0,cylinder,261.69824000000006,468.1806480371624,25182853.76523346,3.815508172997798,259618.2335903408
A3_50i1T_001,4.0,pillar,261.69824000000006,468.1806480371624,11624313.48647468,3.815508172997798,519234.69048536086
A3_50i1T_001,5.0,cone,288.67744000000005,603.4953497610358,13166436.388215043,3.815508172997798,123051.14523885222
A3_50i1T_001,5.0,cylinder,288.67744000000005,603.4953497610358,39499309.164645135,3.815508172997798,369153.4357165567
A3_50i1T_001,5.0,pillar,288.67744000000005,603.4953497610358,19928105.004283898,3.815508172997798,738305.351008031
A3_50i1T_001,6.0,cone,296.7712,763.515166093029,17604747.492375787,3.815508172997798,160043.43356945118
A3_50i1T_001,6.0,cylinder,296.7712,763.515166093029,52814242.477127366,3.815508172997798,480130.30070835346
A3_50i1T_001,6.0,pillar,296.7712,763.515166093029,24082770.91854362,3.815508172997798,960259.3659516332
A3_50i1T_001,7.0,cone,234.71904000000004,813.619976111011,11735102.03371901,3.815508172997798,134886.43404285918
A3_50i1T_001,7.0,cylinder,234.71904000000004,813.619976111011,35205306.10115703,3.815508172997798,404659.3021285776
A3_50i1T_001,7.0,pillar,234.71904000000004,813.619976111011,14295332.179475693,3.815508172997798,809317.6872913074
A3_50i1T_001,8.0,cone,264.39616,924.692617094594,16922959.04570569,3.815508172997798,172683.4575314374
A3_50i1T_001,8.0,cylinder,264.39616,924.692617094594,50768877.13711707,3.815508172997798,518050.3725943122
A3_50i1T_001,8.0,pillar,264.39616,924.692617094594,17201007.024526887,3.815508172997798,1036099.8363552034
A3_50i1T_001,9.0,cone,283.2816,1209.0436644992963,25400797.11697911,3.815508172997798,241912.5189922093
A3_50i1T_001,9.0,cylinder,283.2816,1209.0436644992963,76202391.35093734,3.815508172997798,725737.556976628
A3_50i1T_001,9.0,pillar,283.2816,1209.0436644992963,16125336.069111876,3.815508172997798,1451474.369216054
A3_50k1T_001,1.0,cone,56.65632000000001,105.21354030653819,88417.24644882041,3.815508172997798,4210.725408509892
A3_50k1T_001,1.0,cylinder,56.65632000000001,105.21354030653819,265251.73934646125,3.815508172997798,12632.176225529674
A3_50k1T_001,1.0,pillar,56.65632000000001,105.21354030653819,183528.24533837335,3.815508172997798,25262.640942552178
A3_50k1T_001,2.0,cone,67.44800000000001,137.97257522730004,164323.45195752633,3.815508172997798,6573.283364514874
A3_50k1T_001,2.0,cylinder,67.44800000000001,137.97257522730004,492970.35587257904,3.815508172997798,19719.850093544625
A3_50k1T_001,2.0,pillar,67.44800000000001,137.97257522730004,290648.18981861486,3.815508172997798,39438.14640932977
A3_50k1T_001,3.0,cone,75.54176000000001,191.1581627153549,285585.1837111787,3.815508172997798,10199.749974342276
A3_50k1T_001,3.0,cylinder,75.54176000000001,191.1581627153549,856755.5511335363,3.815508172997798,30599.249923026826
A3_50k1T_001,3.0,pillar,75.54176000000001,191.1581627153549,543146.7598253905,3.815508172997798,61197.2437765354
A3_50k1T_001,4.0,cone,80.9376,253.3237782517094,434455.42852845474,3.815508172997798,14482.073293587018
A3_50k1T_001,4.0,cylinder,80.9376,253.3237782517094,1303366.2855853643,3.815508172997798,43446.219880761055
A3_50k1T_001,4.0,pillar,80.9376,253.3237782517094,807598.4411282712,3.815508172997798,86891.42422162695
A3_50k1T_001,5.0,cone,86.33344000000001,349.8289673450441,682625.4669363026,3.815508172997798,21332.220157194104
A3_50k1T_001,5.0,cylinder,86.33344000000001,349.8289673450441,2047876.4008089078,3.815508172997798,63996.660471582305
A3_50k1T_001,5.0,pillar,86.33344000000001,349.8289673450441,1330939.6807769034,3.815508172997798,127992.53652450994
A3_50k1T_001,6.0,cone,89.03136,470.5762171786696,976527.8101240267,3.815508172997798,29591.885458840094
A3_50k1T_001,6.0,cylinder,89.03136,470.5762171786696,2929583.4303720803,3.815508172997798,88775.6563765203
A3_50k1T_001,6.0,pillar,89.03136,470.5762171786696,2031309.11619048,3.815508172997798,177550.71138733058
A3_50k1T_001,7.0,cone,91.72928000000002,618.0320242232794,1361430.8116198024,3.815508172997798,40042.18753078081
A3_50k1T_001,7.0,cylinder,91.72928000000002,618.0320242232794,4084292.434859408,3.815508172997798,120126.56259234242
A3_50k1T_001,7.0,pillar,91.72928000000002,618.0320242232794,2876773.6179210115,3.815508172997798,240252.65342247597
A3_50k1T_001,8.0,cone,91.72928000000002,801.1764165271737,1764870.1301102412,3.815508172997798,51908.02587443155
A3_50k1T_001,8.0,cylinder,91.72928000000002,801.1764165271737,5294610.390330724,3.815508172997798,155724.07762329467
A3_50k1T_001,8.0,pillar,91.72928000000002,801.1764165271737,3974954.812127225,3.815508172997798,311447.79132630903
A3_50k1T_001,9.0,cone,91.72928000000002,1030.1069069070418,2269169.2782232906,3.815508172997798,66740.33578735254
A3_50k1T_001,9.0,cylinder,91.72928000000002,1030.1069069070418,6807507.834669872,3.815508172997798,200221.00736205766
A3_50k1T_001,9.0,pillar,91.72928000000002,1030.1069069070418,5324783.898711477,3.815508172997798,400441.73168120364
A3_50l1T_001,1.0,cone,91.72928000000002,358.5774684594294,789891.777091681,3.815508172997798,23232.291782396645
A3_50l1T_001,1.0,cylinder,91.72928000000002,358.5774684594294,2369675.3312750435,3.815508172997798,69696.87534718994
A3_50l1T_001,1.0,pillar,91.72928000000002,358.5774684594294,1244737.681064846,3.815508172997798,139392.93758357858
A3_50l1T_001,2.0,cone,97.12512000000001,439.82062486077245,1086193.8878786652,3.815508172997798,30172.208421173986
A3_50l1T_001,2.0,cylinder,97.12512000000001,439.82062486077245,3258581.6636359957,3.815508172997798,90516.62526352196
A3_50l1T_001,2.0,pillar,97.12512000000001,439.82062486077245,1787775.3796557833,3.815508172997798,181032.54861704772
A3_50l1T_001,3.0,cone,97.12512000000001,535.2083291857174,1321766.1542982555,3.815508172997798,36715.85468888084
A3_50l1T_001,3.0,cylinder,97.12512000000001,535.2083291857174,3965298.4628947666,3.815508172997798,110147.56406664253
A3_50l1T_001,3.0,pillar,97.12512000000001,535.2083291857174,2197605.6864851983,3.815508172997798,220294.55132085492
A3_50l1T_001,4.0,cone,97.12512000000001,638.2270498566579,1576184.2020314129,3.815508172997798,43783.00199139364
A3_50l1T_001,4.0,cylinder,97.12512000000001,638.2270498566579,4728552.606094238,3.815508172997798,131349.0059741809
A3_50l1T_001,4.0,pillar,97.12512000000001,638.2270498566579,2407243.1913517425,3.815508172997798,262697.5282411655
A3_50l1T_001,5.0,cone,102.52096000000002,765.256304333975,2105721.208065875,3.815508172997798,55413.810629745705
A3_50l1T_001,5.0,cylinder,102.52096000000002,765.256304333975,6317163.624197625,3.815508172997798,166241.4318892371
A3_50l1T_001,5.0,pillar,102.52096000000002,765.256304333975,3057531.7079042653,3.815508172997798,332482.4379525104
A3_50l1T_001,6.0,cone,102.52096000000002,891.1680740429024,2452186.9376777983,3.815508172997798,64531.31646023107
A3_50l1T_001,6.0,cylinder,102.52096000000002,891.1680740429024,7356560.813033395,3.815508172997798,193593.94938069323
A3_50l1T_001,6.0,pillar,102.52096000000002,891.1680740429024,3499709.576872593,3.815508172997798,387187.5330996171
A3_50l1T_001,7.0,cone,97.12512000000001,973.9917690804645,2405398.5798283713,3.815508172997798,66816.69765275861
A3_50l1T_001,7.0,cylinder,97.12512000000001,973.9917690804645,7216195.739485114,3.815508172997798,200450.09295827578
A3_50l1T_001,7.0,pillar,97.12512000000001,973.9917690804645,3334547.243416191,3.815508172997798,400899.8689577261
A3_50l1T_001,8.0,cone,102.52096000000002,1104.8365317307794,3040128.7818677295,3.815508172997798,80003.45453989414
A3_50l1T_001,8.0,cylinder,102.52096000000002,1104.8365317307794,9120386.345603188,3.815508172997798,240010.3636196824
A3_50l1T_001,8.0,pillar,102.52096000000002,1104.8365317307794,3934405.8451574086,3.815508172997798,480020.4322942078
A3_50l1T_001,9.0,cone,102.52096000000002,1287.9809240346735,3544078.934030527,3.815508172997798,93265.29132951013
A3_50l1T_001,9.0,cylinder,102.52096000000002,1287.9809240346735,10632236.802091582,3.815508172997798,279795.8739885303
A3_50l1T_001,9.0,pillar,102.52096000000002,1287.9809240346735,4300240.850008275,3.815508172997798,559591.4949715834
A3_50m1T_001,1.0,cone,169.96896,250.77698197865158,1896686.409299351,3.815508172997798,30106.612213354623
A3_50m1T_001,1.0,cylinder,169.96896,250.77698197865158,5690059.227898054,3.815508172997798,90319.83664006386
A3_50m1T_001,1.0,pillar,169.96896,250.77698197865158,2409358.9793001404,3.815508172997798,180637.51898855338
A3_50m1T_001,2.0,cone,191.55232,304.8485273011819,2928380.86689064,3.815508172997798,41245.24477075604
A3_50m1T_001,2.0,cylinder,191.55232,304.8485273011819,8785142.60067192,3.815508172997798,123735.73431226813
A3_50m1T_001,2.0,pillar,191.55232,304.8485273011819,3768152.899356471,3.815508172997798,247469.47139836816
A3_50m1T_001,3.0,cone,205.04192000000003,366.78261590362206,4037036.6303892317,3.815508172997798,53119.297894620075
A3_50m1T_001,3.0,cylinder,205.04192000000003,366.78261590362206,12111109.891167697,3.815508172997798,159357.89368386022
A3_50m1T_001,3.0,pillar,205.04192000000003,366.78261590362206,5364285.877830541,3.815508172997798,318714.0104850489
A3_50m1T_001,4.0,cone,213.13568000000004,450.4922687756593,5357575.335770128,3.815508172997798,67817.74349480154
A3_50m1T_001,4.0,cylinder,213.13568000000004,450.4922687756593,16072726.007310385,3.815508172997798,203453.23048440463
A3_50m1T_001,4.0,pillar,213.13568000000004,450.4922687756593,7241055.22480039,3.815508172997798,406904.9571540853
A3_50m1T_001,5.0,cone,226.62528000000003,554.3969472810753,7454287.936767156,3.815508172997798,88741.81179289876
A3_50m1T_001,5.0,cylinder,226.62528000000003,554.3969472810753,22362863.810301468,3.815508172997798,266225.43537869625
A3_50m1T_001,5.0,pillar,226.62528000000003,554.3969472810753,10487393.741790578,3.815508172997798,532449.57144526
A3_50m1T_001,6.0,cone,229.3232,675.1441971147008,9295251.663874507,3.815508172997798,109356.14184730817
A3_50m1T_001,6.0,cylinder,229.3232,675.1441971147008,27885754.991623525,3.815508172997798,328068.4255419245
A3_50m1T_001,6.0,pillar,229.3232,675.1441971147008,12754580.495857118,3.815508172997798,656135.7714469675
A3_50m1T_001,7.0,cone,215.83360000000002,796.3545008161549,9712100.656859651,3.815508172997798,121401.44964806881
A3_50m1T_001,7.0,cylinder,215.83360000000002,796.3545008161549,29136301.970578957,3.815508172997798,364204.3489442065
A3_50m1T_001,7.0,pillar,215.83360000000002,796.3545008161549,12154372.89816565,3.815508172997798,728407.8364206286
A3_50m1T_001,8.0,cone,223.92736000000002,944.9277926291547,12404565.866202226,3.815508172997798,149452.76818496714
A3_50m1T_001,8.0,cylinder,223.92736000000002,944.9277926291547,37213697.59860668,3.815508172997798,448358.3045549014
A3_50m1T_001,8.0,pillar,223.92736000000002,944.9277926291547,15087945.606990052,3.815508172997798,896715.8558668336
A3_50m1T_001,9.0,cone,215.83360000000002,1158.8277772509457,14132716.026708752,3.815508172997798,176659.08189097288
A3_50m1T_001,9.0,cylinder,215.83360000000002,1158.8277772509457,42398148.080126256,3.815508172997798,529977.2456729186
A3_50m1T_001,9.0,pillar,215.83360000000002,1158.8277772509457,15350914.055504365,3.815508172997798,1059953.8993388817
A3_50n1T_001,1.0,cone,164.57312000000002,192.42687461529488,1364432.8221495147,3.815508172997798,22368.355272786102
A3_50n1T_001,1.0,cylinder,164.57312000000002,192.42687461529488,4093298.4664485445,3.815508172997798,67105.0658183583
A3_50n1T_001,1.0,pillar,164.57312000000002,192.42687461529488,2459243.5879391776,3.815508172997798,134207.41324086135
A3_50n1T_001,2.0,cone,210.43776000000003,238.17282279008666,2761265.5280992673,3.815508172997798,35401.46418629857
A3_50n1T_001,2.0,cylinder,210.43776000000003,238.17282279008666,8283796.584297803,3.815508172997798,106204.3925588957
A3_50n1T_001,2.0,pillar,210.43776000000003,238.17282279008666,5366030.857581797,3.815508172997798,212405.9767529019
A3_50n1T_001,3.0,cone,202.34400000000002,261.2973987619877,2800814.6860504965,3.815508172997798,37344.74278765516
A3_50n1T_001,3.0,cylinder,202.34400000000002,261.2973987619877,8402444.05815149,3.815508172997798,112034.22836296547
A3_50n1T_001,3.0,pillar,202.34400000000002,261.2973987619877,5320857.69427115,3.815508172997798,224065.99534901895
A3_50n1T_001,4.0,cone,267.09408,328.12433040463367,6128237.465241716,3.815508172997798,61901.96349848175
A3_50n1T_001,4.0,cylinder,267.09408,328.12433040463367,18384712.39572515,3.815508172997798,185705.89049544526
A3_50n1T_001,4.0,pillar,267.09408,328.12433040463367,12207725.654060313,3.815508172997798,371409.1936708046
A3_50n1T_001,5.0,cone,348.03168000000005,451.7208307744175,14324395.40770591,3.815508172997798,111042.36907019495
A3_50n1T_001,5.0,cylinder,348.03168000000005,451.7208307744175,42973186.22311774,3.815508172997798,333127.1072105849
A3_50n1T_001,5.0,pillar,348.03168000000005,451.7208307744175,31425209.466892004,3.815508172997798,666251.7655035106
A3_50n1T_001,6.0,cone,315.65664000000004,437.3849058180835,11409386.091142835,3.815508172997798,97516.63019546137
A3_50n1T_001,6.0,cylinder,315.65664000000004,437.3849058180835,34228158.273428515,3.815508172997798,292549.89058638416
A3_50n1T_001,6.0,pillar,315.65664000000004,437.3849058180835,23714449.31754721,3.815508172997798,585097.4872617233
A3_50n1T_001,7.0,cone,259.00032000000004,385.5884799335147,6771630.901286571,3.815508172997798,70538.29633695826
A3_50n1T_001,7.0,cylinder,259.00032000000004,385.5884799335147,20314892.703859717,3.815508172997798,211614.8890108748
A3_50n1T_001,7.0,pillar,259.00032000000004,385.5884799335147,11528492.285883827,3.815508172997798,423227.64300504053
A3_50n1T_001,8.0,cone,291.37536000000006,491.4966010417958,10924329.520025592,3.815508172997798,101151.61800074617
A3_50n1T_001,8.0,cylinder,291.37536000000006,491.4966010417958,32772988.56007678,3.815508172997798,303454.8540022385
A3_50n1T_001,8.0,pillar,291.37536000000006,491.4966010417958,19916326.390962914,3.815508172997798,606907.8236698273
A3_50n1T_001,9.0,cone,178.06272,700.7754194584775,5816925.384418281,3.815508172997798,88135.41257393222
A3_50n1T_001,9.0,cylinder,178.06272,700.7754194584775,17450776.153254844,3.815508172997798,264406.2377217966
A3_50n1T_001,9.0,pillar,178.06272,700.7754194584775,7261100.6796929445,3.815508172997798,528811.6677987139
B1_52a1T,1.0,cone,43.166720000000005,28.017335360658585,13667.640774596572,3.815458570457708,855.3150975769055
B1_52a1T,1.0,cylinder,43.166720000000005,28.017335360658585,41002.92232378972,3.815458570457708,2565.945292730716
B1_52a1T,1.0,pillar,43.166720000000005,28.017335360658585,13414.357445585141,3.815458570457708,5126.997392810089
B1_52a1T,2.0,cone,45.86464000000001,49.561110154948814,27293.902167864737,3.815458570457708,1606.1771660230777
B1_52a1T,2.0,cylinder,45.86464000000001,49.561110154948814,81881.70650359422,3.815458570457708,4818.531498069233
B1_52a1T,2.0,pillar,45.86464000000001,49.561110154948814,36513.22660798297,3.815458570457708,9634.122354845578
B1_52a1T,3.0,cone,45.86464000000001,61.007485866321936,33597.55956912344,3.815458570457708,1976.8579663033615
B1_52a1T,3.0,cylinder,45.86464000000001,61.007485866321936,100792.67870737035,3.815458570457708,5930.5738989100855
B1_52a1T,3.0,pillar,45.86464000000001,61.007485866321936,44910.83248855253,3.815458570457708,11858.758680331104
B1_52a1T,4.0,cone,45.86464000000001,95.34661300044152,52508.53177289968,3.815458570457708,3089.076907179442
B1_52a1T,4.0,cylinder,45.86464000000001,95.34661300044152,157525.59531869908,3.815458570457708,9267.230721538326
B1_52a1T,4.0,pillar,45.86464000000001,95.34661300044152,96343.4420116253,3.815458570457708,18532.93261579206
B1_52a1T,5.0,cone,59.354240000000004,126.75631556274,116907.32693443561,3.815458570457708,5314.300134651463
B1_52a1T,5.0,cylinder,59.354240000000004,126.75631556274,350721.98080330685,3.815458570457708,15942.900403954387
B1_52a1T,5.0,pillar,59.354240000000004,126.75631556274,246278.87791561274,3.815458570457708,31884.312541053565
B1_52a1T,6.0,cone,48.562560000000005,189.38410063342843,116927.12946018955,3.815458570457708,6496.132751939978
B1_52a1T,6.0,cylinder,48.562560000000005,189.38410063342843,350781.3883805687,3.815458570457708,19488.39825581994
B1_52a1T,6.0,pillar,48.562560000000005,189.38410063342843,280719.968007611,3.815458570457708,38975.981495797816
B1_52a1T,7.0,cone,45.86464000000001,247.96495581874984,136557.2971230158,3.815458570457708,8032.912827023539
B1_52a1T,7.0,cylinder,45.86464000000001,247.96495581874984,409671.8913690474,3.815458570457708,24098.738481070617
B1_52a1T,7.0,pillar,45.86464000000001,247.96495581874984,325194.56122964044,3.815458570457708,48196.88906841113
B1_52a1T,8.0,cone,48.562560000000005,338.18698488127916,208799.11898995322,3.815458570457708,11600.0524801879
B1_52a1T,8.0,cylinder,48.562560000000005,338.18698488127916,626397.3569698597,3.815458570457708,34800.1574405637
B1_52a1T,8.0,pillar,48.562560000000005,338.18698488127916,535723.6312536856,3.815458570457708,69599.858468269
B1_52a1T,9.0,cone,48.562560000000005,471.72803484729894,291248.340362818,3.815458570457708,16180.536066472194
B1_52a1T,9.0,cylinder,48.562560000000005,471.72803484729894,873745.0210884539,3.815458570457708,48541.60819941658
B1_52a1T,9.0,pillar,48.562560000000005,471.72803484729894,763876.7676452638,3.815458570457708,97082.88919059659
B1_52a2T,2.0,cone,45.86464000000001,15.221983020829438,8382.929964088613,3.815458570457708,495.2371416677992
B1_52a2T,2.0,cylinder,45.86464000000001,15.221983020829438,25148.78989226584,3.815458570457708,1485.7114250033974
B1_52a2T,2.0,pillar,45.86464000000001,15.221983020829438,5692.922428126377,3.815458570457708,2961.8717241191393
B1_52a2T,3.0,cone,51.26048000000001,31.601322616206797,21738.98302405795,3.815458570457708,1145.302153369236
B1_52a2T,3.0,cylinder,51.26048000000001,31.601322616206797,65216.949072173855,3.815458570457708,3435.906460107708
B1_52a2T,3.0,pillar,51.26048000000001,31.601322616206797,30733.056326551974,3.815458570457708,6866.660380298771
B1_52a2T,4.0,cone,59.354240000000004,35.18530987175501,32451.404935564624,3.815458570457708,1476.254878143066
B1_52a2T,4.0,cylinder,59.354240000000004,35.18530987175501,97354.21480669388,3.815458570457708,4428.764634429198
B1_52a2T,4.0,pillar,59.354240000000004,35.18530987175501,56820.164464632995,3.815458570457708,8852.170231227647
B1_52a2T,5.0,cone,67.44800000000001,54.03113140913405,64350.33927353169,3.815458570457708,2574.895134640819
B1_52a2T,5.0,cylinder,67.44800000000001,54.03113140913405,193051.01782059507,3.815458570457708,7724.685403922458
B1_52a2T,5.0,pillar,67.44800000000001,54.03113140913405,121318.14002007246,3.815458570457708,15445.403941014223
B1_52a2T,6.0,cone,72.84384000000001,66.59501243405327,92511.55789757105,3.815458570457708,3427.1265081799734
B1_52a2T,6.0,cylinder,72.84384000000001,66.59501243405327,277534.6736927132,3.815458570457708,10281.37952453992
B1_52a2T,6.0,pillar,72.84384000000001,66.59501243405327,164069.58813933568,3.815458570457708,20559.282843164667
B1_52a2T,7.0,cone,89.03136,92.84027979743834,192659.78987516902,3.815458570457708,5838.852755983755
B1_52a2T,7.0,cylinder,89.03136,92.84027979743834,577979.369625507,3.815458570457708,17516.558267951266
B1_52a2T,7.0,pillar,89.03136,92.84027979743834,372461.08575741766,3.815458570457708,35030.06870660568
B1_52a2T,8.0,cone,94.42720000000001,128.29691224510393,299487.7443094524,3.815458570457708,8557.312535836076
B1_52a2T,8.0,cylinder,94.42720000000001,128.29691224510393,898463.2329283573,3.815458570457708,25671.93760750823
B1_52a2T,8.0,pillar,94.42720000000001,128.29691224510393,616253.3998538487,3.815458570457708,51341.53594701938
B1_52a2T,9.0,cone,97.12512000000001,161.28706275076757,398319.2507382833,3.815458570457708,11064.848962323935
B1_52a2T,9.0,cylinder,97.12512000000001,161.28706275076757,1194957.7522148502,3.815458570457708,33194.546886971795
B1_52a2T,9.0,pillar,97.12512000000001,161.28706275076757,827807.632154223,3.815458570457708,66387.17979496825
B1_52b1T,1.0,cone,53.958400000000005,76.03784883324327,57958.42498870541,3.815458570457708,2898.422430594453
B1_52b1T,1.0,cylinder,53.958400000000005,76.03784883324327,173875.27496611624,3.815458570457708,8695.267291783359
B1_52b1T,1.0,pillar,53.958400000000005,76.03784883324327,100858.51842013933,3.815458570457708,17388.279317103992
B1_52b1T,2.0,cone,64.75008000000001,101.16561088308214,111040.69047289957,3.815458570457708,4627.147489242883
B1_52b1T,2.0,cylinder,64.75008000000001,101.16561088308214,333122.07141869876,3.815458570457708,13881.442467728652
B1_52b1T,2.0,pillar,64.75008000000001,101.16561088308214,193733.85826290608,3.815458570457708,27760.850722376883
B1_52b1T,3.0,cone,70.14592,136.62224333074803,175992.7874881723,3.815458570457708,6769.316002184158
B1_52b1T,3.0,cylinder,70.14592,136.62224333074803,527978.3624645169,3.815458570457708,20307.94800655247
B1_52b1T,3.0,pillar,70.14592,136.62224333074803,320723.10874777875,3.815458570457708,40614.264156387886
B1_52b1T,4.0,cone,72.84384000000001,184.87422811824223,256821.07763349445,3.815458570457708,9512.17006416901
B1_52b1T,4.0,cylinder,72.84384000000001,184.87422811824223,770463.2329004834,3.815458570457708,28536.510192507027
B1_52b1T,4.0,pillar,72.84384000000001,184.87422811824223,546236.9975768921,3.815458570457708,57071.76803974939
B1_52b1T,5.0,cone,78.23968,235.59269484773895,377558.78305358515,3.815458570457708,13019.502946790348
B1_52b1T,5.0,cylinder,78.23968,235.59269484773895,1132676.3491607555,3.815458570457708,39058.50884037105
B1_52b1T,5.0,pillar,78.23968,235.59269484773895,819431.8382369799,3.815458570457708,78115.96213777422
B1_52b1T,6.0,cone,78.23968,300.45549054552,481507.3296115964,3.815458570457708,16603.884948968684
B1_52b1T,6.0,cylinder,78.23968,300.45549054552,1444521.9888347893,3.815458570457708,49811.65484690605
B1_52b1T,6.0,pillar,78.23968,300.45549054552,1118124.864025342,3.815458570457708,99622.48201950199
B1_52b1T,7.0,cone,75.54176000000001,370.4827214422143,553491.2794827434,3.815458570457708,19767.689715082674
B1_52b1T,7.0,cylinder,75.54176000000001,370.4827214422143,1660473.8384482302,3.815458570457708,59303.069145248024
B1_52b1T,7.0,pillar,75.54176000000001,370.4827214422143,1209342.4946553211,3.815458570457708,118605.49020436942
B1_52b1T,8.0,cone,78.23968,472.15112621611667,756665.2469710376,3.815458570457708,26092.02211168486
B1_52b1T,8.0,cylinder,78.23968,472.15112621611667,2269995.740913113,3.815458570457708,78276.06633505458
B1_52b1T,8.0,pillar,78.23968,472.15112621611667,1866362.453965753,3.815458570457708,156551.60597367332
B1_52b1T,9.0,cone,75.54176000000001,587.9638599583037,878402.2851891438,3.815458570457708,31371.600933707676
B1_52b1T,9.0,cylinder,75.54176000000001,587.9638599583037,2635206.8555674315,3.815458570457708,94114.80280112303
B1_52b1T,9.0,pillar,75.54176000000001,587.9638599583037,2179429.5635860516,3.815458570457708,188229.19723467878
B1_52b2T_001,1.0,cone,51.26048000000001,16.339488334375964,11240.158009735485,3.815458570457708,593.7990144001818
B1_52b2T_001,1.0,cylinder,51.26048000000001,16.339488334375964,33720.47402920646,3.815458570457708,1781.3970432005456
B1_52b2T_001,1.0,pillar,51.26048000000001,16.339488334375964,11015.041479708123,3.815458570457708,3552.845855088557
B1_52b2T_001,2.0,cone,43.166720000000005,16.570959649285463,8083.778163100969,3.815458570457708,507.0727403263813
B1_52b2T_001,2.0,cylinder,43.166720000000005,16.570959649285463,24251.33448930291,3.815458570457708,1521.2182209791436
B1_52b2T_001,2.0,pillar,43.166720000000005,16.570959649285463,6739.8966677818025,3.815458570457708,3034.1754708799504
B1_52b2T_001,3.0,cone,48.562560000000005,36.7657578151201,22699.447891201256,3.815458570457708,1262.0130494148693
B1_52b2T_001,3.0,cylinder,48.562560000000005,36.7657578151201,68098.34367360377,3.815458570457708,3786.039148244608
B1_52b2T_001,3.0,pillar,48.562560000000005,36.7657578151201,36600.47446128759,3.815458570457708,7567.8819348054185
B1_52b2T_001,4.0,cone,64.75008000000001,55.38010803758964,60785.926969439155,3.815458570457708,2533.5726503829924
B1_52b2T_001,4.0,cylinder,64.75008000000001,55.38010803758964,182357.78090831748,3.815458570457708,7600.717951148976
B1_52b2T_001,4.0,pillar,64.75008000000001,55.38010803758964,119136.943687457,3.815458570457708,15197.72043374677
B1_52b2T_001,5.0,cone,64.75008000000001,78.2728594603359,85913.30872116936,3.815458570457708,3580.3054440208944
B1_52b2T_001,5.0,cylinder,64.75008000000001,78.2728594603359,257739.92616350815,3.815458570457708,10740.916332062685
B1_52b2T_001,5.0,pillar,64.75008000000001,78.2728594603359,163088.04978965872,3.815458570457708,21479.203604885693
B1_52b2T_001,6.0,cone,72.84384000000001,100.93413956817264,140214.3216918714,3.815458570457708,5193.632751266294
B1_52b2T_001,6.0,cylinder,72.84384000000001,100.93413956817264,420642.96507561416,3.815458570457708,15580.898253798881
B1_52b2T_001,6.0,pillar,72.84384000000001,100.93413956817264,247653.0316051605,3.815458570457708,31159.502770353418
B1_52b2T_001,7.0,cone,78.23968,136.39077201583834,218578.6530236853,3.815458570457708,7537.600098279484
B1_52b2T_001,7.0,cylinder,78.23968,136.39077201583834,655735.959071056,3.815458570457708,22612.80029483845
B1_52b2T_001,7.0,pillar,78.23968,136.39077201583834,407360.2270792652,3.815458570457708,45223.77735300076
B1_52b2T_001,8.0,cone,83.63552000000001,190.92469731579254,349632.8741500573,3.815458570457708,11278.789215162138
B1_52b2T_001,8.0,cylinder,83.63552000000001,190.92469731579254,1048898.6224501722,3.815458570457708,33836.3676454864
B1_52b2T_001,8.0,pillar,83.63552000000001,190.92469731579254,703414.0053051629,3.815458570457708,67671.3429783324
B1_52b2T_001,9.0,cone,83.63552000000001,263.418410154489,482387.7536074769,3.815458570457708,15561.119533910498
B1_52b2T_001,9.0,cylinder,83.63552000000001,263.418410154489,1447163.260822431,3.815458570457708,46683.358601731496
B1_52b2T_001,9.0,pillar,83.63552000000001,263.418410154489,1141201.921224414,3.815458570457708,93365.70805215613
B1_52c2T,2.0,cone,107.91680000000001,60.50469197550198,184474.26933486448,3.815458570457708,4613.116365551966
B1_52c2T,2.0,cylinder,107.91680000000001,60.50469197550198,553422.8080045935,3.815458570457708,13839.349096655897
B1_52c2T,2.0,pillar,107.91680000000001,60.50469197550198,274612.6182762876,3.815458570457708,27673.030042010716
B1_52c2T,3.0,cone,113.31264000000002,88.33040728225203,296917.34987133526,3.815458570457708,7070.366742819911
B1_52c2T,3.0,cylinder,113.31264000000002,88.33040728225203,890752.0496140058,3.815458570457708,21211.100228459734
B1_52c2T,3.0,pillar,113.31264000000002,88.33040728225203,488740.66224914836,3.815458570457708,42418.12338004449
B1_52c2T,5.0,cone,124.10432000000002,147.79729646621027,595948.7527619748,3.815458570457708,12956.000749063127
B1_52c2T,5.0,cylinder,124.10432000000002,147.79729646621027,1787846.2582859248,3.815458570457708,38868.00224718938
B1_52c2T,5.0,pillar,124.10432000000002,147.79729646621027,1117754.0606487978,3.815458570457708,77733.33564819024
B1_52c2T,6.0,cone,121.40640000000002,172.03902451741212,663863.4534482625,3.815458570457708,14753.019624793978
B1_52c2T,6.0,cylinder,121.40640000000002,172.03902451741212,1991590.3603447878,3.815458570457708,44259.05887438193
B1_52c2T,6.0,pillar,121.40640000000002,172.03902451741212,1253337.224684175,3.815458570457708,88515.87479148991
B1_52c2T,8.0,cone,129.50016000000002,160.3611774911297,704058.0576038426,3.815458570457708,14668.446581896927
B1_52c2T,8.0,cylinder,129.50016000000002,160.3611774911297,2112174.172811528,3.815458570457708,44005.33974569079
B1_52c2T,8.0,pillar,129.50016000000002,160.3611774911297,1419980.6244959969,3.815458570457708,88008.11278568185
B1_52c2T,9.0,cone,159.17728000000002,294.3253188259673,1952353.288588962,3.815458570457708,33091.115696659785
B1_52c2T,9.0,cylinder,159.17728000000002,294.3253188259673,5857059.865766886,3.815458570457708,99273.34708997935
B1_52c2T,9.0,pillar,159.17728000000002,294.3253188259673,2717312.579209026,3.815458570457708,198544.97521950954
D1_49a1T_001,1.0,cone,37.770880000000005,57.42376838589701,21447.393628037426,3.815485279277373,1532.4212123008178
D1_49a1T_001,1.0,cylinder,37.770880000000005,57.42376838589701,64342.180884112284,3.815485279277373,4597.263636902453
D1_49a1T_001,1.0,pillar,37.770880000000005,57.42376838589701,37276.90626687209,3.815485279277373,9192.436992402228
D1_49a1T_001,2.0,cone,40.4688,86.5986551058555,37129.613407844816,3.815485279277373,2475.6376178315077
D1_49a1T_001,2.0,cylinder,40.4688,86.5986551058555,111388.84022353445,3.815485279277373,7426.912853494524
D1_49a1T_001,2.0,pillar,40.4688,86.5986551058555,70038.7045189738,3.815485279277373,14852.340473855407
D1_49a1T_001,3.0,cone,43.166720000000005,127.21999766364567,62061.47747559572,3.815485279277373,3879.081998816424
D1_49a1T_001,3.0,cylinder,43.166720000000005,127.21999766364567,186184.43242678716,3.815485279277373,11637.245996449272
D1_49a1T_001,3.0,pillar,43.166720000000005,127.21999766364567,125245.17014884698,3.815485279277373,23273.413546564923
D1_49a1T_001,4.0,cone,43.166720000000005,169.19033573569678,82535.78370682485,3.815485279277373,5158.666690080483
D1_49a1T_001,4.0,cylinder,43.166720000000005,169.19033573569678,247607.35112047457,3.815485279277373,15476.000070241447
D1_49a1T_001,4.0,pillar,43.166720000000005,169.19033573569678,177092.56991265918,3.815485279277373,30951.18920620638
D1_49a1T_001,5.0,cone,43.166720000000005,234.05358548341212,114177.89333690624,3.815485279277373,7136.248601907685
D1_49a1T_001,5.0,cylinder,43.166720000000005,234.05358548341212,342533.68001071876,3.815485279277373,21408.745805723054
D1_49a1T_001,5.0,pillar,43.166720000000005,234.05358548341212,276708.5037457807,3.815485279277373,42816.905405204045
D1_49a1T_001,6.0,cone,45.86464000000001,309.01429555469906,170177.90612382835,3.815485279277373,10010.569901100856
D1_49a1T_001,6.0,cylinder,45.86464000000001,309.01429555469906,510533.7183714851,3.815485279277373,30031.70970330257
D1_49a1T_001,6.0,pillar,45.86464000000001,309.01429555469906,398572.7959125534,3.815485279277373,60062.94764975283
D1_49a1T_001,7.0,cone,48.562560000000005,399.2369467430951,246491.8121478295,3.815485279277373,13694.075480671094
D1_49a1T_001,7.0,cylinder,48.562560000000005,399.2369467430951,739475.4364434886,3.815485279277373,41082.22644201328
D1_49a1T_001,7.0,pillar,48.562560000000005,399.2369467430951,573244.220947727,3.815485279277373,82164.06625826724
D1_49a1T_001,8.0,cone,48.562560000000005,506.07053456286155,312451.6509723007,3.815485279277373,17358.49283358543
D1_49a1T_001,8.0,cylinder,48.562560000000005,506.07053456286155,937354.952916902,3.815485279277373,52075.4785007563
D1_49a1T_001,8.0,pillar,48.562560000000005,506.07053456286155,774286.494243081,3.815485279277373,104150.65199360221
D1_49a1T_001,9.0,cone,51.26048000000001,657.3409502196957,452193.85059900855,3.815485279277373,23799.731428162708
D1_49a1T_001,9.0,cylinder,51.26048000000001,657.3409502196957,1356581.5517970258,3.815485279277373,71399.19428448813
D1_49a1T_001,9.0,pillar,51.26048000000001,657.3409502196957,1013369.0978657752,3.815485279277373,142798.14070523885
D1_49b1T_001,1.0,cone,61.66672,192.6441689127024,191790.10337842698,5.450691235778848,11987.204459318198
D1_49b1T_001,1.0,cylinder,61.66672,192.6441689127024,575370.310135281,5.450691235778848,35961.61337795459
D1_49b1T_001,1.0,pillar,61.66672,192.6441689127024,297483.8636988616,5.450691235778848,71921.77326905559
D1_49b1T_001,2.0,cone,65.52089,245.22394553585184,275607.5296538349,5.450691235778848,16212.477229390579
D1_49b1T_001,2.0,cylinder,65.52089,245.22394553585184,826822.5889615046,5.450691235778848,48637.43168817173
D1_49b1T_001,2.0,pillar,65.52089,245.22394553585184,390773.48063905607,5.450691235778848,97273.65016674051
D1_49b1T_001,3.0,cone,69.37505999999999,314.1557958663372,395840.70054865157,5.450691235778848,21991.372857074708
D1_49b1T_001,3.0,cylinder,69.37505999999999,314.1557958663372,1187522.101645955,5.450691235778848,65974.11857122411
D1_49b1T_001,3.0,pillar,69.37505999999999,314.1557958663372,519801.8601698364,5.450691235778848,131947.234424045
D1_49b1T_001,4.0,cone,77.0834,386.6112016979623,601401.8841658941,5.450691235778848,30070.295393436452
D1_49b1T_001,4.0,cylinder,77.0834,386.6112016979623,1804205.6524976823,5.450691235778848,90210.88618030935
D1_49b1T_001,4.0,pillar,77.0834,386.6112016979623,647176.8449900202,5.450691235778848,180420.86702823802
D1_49b1T_001,5.0,cone,84.79174,508.1228286515971,956410.7053493732,5.450691235778848,43473.38226123108
D1_49b1T_001,5.0,cylinder,84.79174,508.1228286515971,2869232.1160481195,5.450691235778848,130420.14678369329
D1_49b1T_001,5.0,pillar,84.79174,508.1228286515971,932323.8404636618,5.450691235778848,260839.53585003983
D1_49b1T_001,6.0,cone,88.64591,658.8150475187658,1355344.0138485993,5.450691235778848,58928.136372676156
D1_49b1T_001,6.0,cylinder,88.64591,658.8150475187658,4066032.041545798,5.450691235778848,176784.40911802844
D1_49b1T_001,6.0,pillar,88.64591,658.8150475187658,1240491.177677147,5.450691235778848,353568.2072686988
D1_49b1T_001,7.0,cone,88.64591,833.2371670636886,1714173.0607842072,5.450691235778848,74529.37086201929
D1_49b1T_001,7.0,cylinder,88.64591,833.2371670636886,5142519.182352621,5.450691235778848,223588.1125860579
D1_49b1T_001,7.0,pillar,88.64591,833.2371670636886,1710500.4202163273,5.450691235778848,447175.74209872173
D1_49b1T_001,8.0,cone,92.50008,1109.2952843537705,2484849.0434174347,5.450691235778848,103535.46094967671
D1_49b1T_001,8.0,cylinder,92.50008,1109.2952843537705,7454547.130252304,5.450691235778848,310606.3828490301
D1_49b1T_001,8.0,pillar,92.50008,1109.2952843537705,2433415.4613725175,5.450691235778848,621212.3870653224
D1_49b1T_001,9.0,cone,104.06259,1468.7101899470354,4163839.6484099897,5.450691235778848,154216.3547684034
D1_49b1T_001,9.0,cylinder,104.06259,1468.7101899470354,12491518.945229972,5.450691235778848,462649.0643052103
D1_49b1T_001,9.0,pillar,104.06259,1468.7101899470354,3130575.7003059546,5.450691235778848,925297.8068876221
D1_49c1T_001,1.0,cone,113.31264000000002,157.00936404058197,527777.5310935344,3.815485279277373,12566.641437877463
D1_49c1T_001,1.0,cylinder,113.31264000000002,157.00936404058197,1583332.5932806032,3.815485279277373,37699.92431363239
D1_49c1T_001,1.0,pillar,113.31264000000002,157.00936404058197,905442.7478315549,3.815485279277373,75397.55478561176
D1_49c1T_001,2.0,cone,113.31264000000002,195.1642168333557,656032.7732522283,3.815485279277373,15620.238026854999
D1_49c1T_001,2.0,cylinder,113.31264000000002,195.1642168333557,1968098.319756685,3.815485279277373,46860.714080565
D1_49c1T_001,2.0,pillar,113.31264000000002,195.1642168333557,1072959.7988143386,3.815485279277373,93719.5827519347
D1_49c1T_001,3.0,cone,105.21888000000001,252.6279972860213,732213.0335515348,3.815485279277373,18774.98735122412
D1_49c1T_001,3.0,cylinder,105.21888000000001,252.6279972860213,2196639.100654605,3.815485279277373,56324.96205367237
D1_49c1T_001,3.0,pillar,105.21888000000001,252.6279972860213,1205119.4097394284,3.815485279277373,112648.6002853754
D1_49c1T_001,4.0,cone,102.52096000000002,322.6557278272745,887837.1927705245,3.815485279277373,23364.361081555024
D1_49c1T_001,4.0,cylinder,102.52096000000002,322.6557278272745,2663511.5783115737,3.815485279277373,70093.08324466507
D1_49c1T_001,4.0,pillar,102.52096000000002,322.6557278272745,1475567.8361893678,3.815485279277373,140185.15655689678
D1_49c1T_001,5.0,cone,110.61472000000002,429.2578143835364,1375031.6201947439,3.815485279277373,33537.53860322297
D1_49c1T_001,5.0,cylinder,110.61472000000002,429.2578143835364,4125094.860584232,3.815485279277373,100612.61580966892
D1_49c1T_001,5.0,pillar,110.61472000000002,429.2578143835364,2197308.9429562083,3.815485279277373,201224.41256091074
D1_49c1T_001,6.0,cone,110.61472000000002,558.9843138789671,1790581.5130710474,3.815485279277373,43672.85960350221
D1_49c1T_001,6.0,cylinder,110.61472000000002,558.9843138789671,5371744.539213142,3.815485279277373,131018.57881050662
D1_49c1T_001,6.0,pillar,110.61472000000002,558.9843138789671,2661252.6505608717,3.815485279277373,262036.52864501008
D1_49c1T_001,7.0,cone,107.91680000000001,712.9527205643227,2173739.389494943,3.815485279277373,54343.59165197695
D1_49c1T_001,7.0,cylinder,107.91680000000001,712.9527205643227,6521218.168484829,3.815485279277373,163030.77495593086
D1_49c1T_001,7.0,pillar,107.91680000000001,712.9527205643227,3331560.7877681544,3.815485279277373,326061.0687962649
D1_49c1T_001,8.0,cone,113.31264000000002,897.2135082203923,3015929.2289721956,3.815485279277373,71807.92799050729
D1_49c1T_001,8.0,cylinder,113.31264000000002,897.2135082203923,9047787.686916588,3.815485279277373,215423.7839715219
D1_49c1T_001,8.0,pillar,113.31264000000002,897.2135082203923,4574022.540122495,3.815485279277373,430847.1665185586
D1_49c1T_001,9.0,cone,110.61472000000002,1096.9677382570765,3513891.3629404223,3.815485279277373,85704.73861306242
D1_49c1T_001,9.0,cylinder,110.61472000000002,1096.9677382570765,10541674.088821268,3.815485279277373,257114.21583918724
D1_49c1T_001,9.0,pillar,110.61472000000002,1096.9677382570765,5026427.638356078,3.815485279277373,514228.11116918543
D1_49g1T_001,1.0,cone,83.63552000000001,133.69346190467633,244827.56813534952,3.815485279277373,7898.1053409965725
D1_49g1T_001,1.0,cylinder,83.63552000000001,133.69346190467633,734482.7044060488,3.815485279277373,23694.316022989715
D1_49g1T_001,1.0,pillar,83.63552000000001,133.69346190467633,417243.9672200095,3.815485279277373,47386.64372246679
D1_49g1T_001,2.0,cone,91.72928000000002,171.6168134339455,378045.8106432536,3.815485279277373,11119.371959326085
D1_49g1T_001,2.0,cylinder,91.72928000000002,171.6168134339455,1134137.431929761,3.815485279277373,33358.11587797826
D1_49g1T_001,2.0,pillar,91.72928000000002,171.6168134339455,586309.6784397435,3.815485279277373,66714.53288427713
D1_49g1T_001,3.0,cone,91.72928000000002,236.48006318166085,520929.71194158995,3.815485279277373,15321.736095825374
D1_49g1T_001,3.0,cylinder,91.72928000000002,236.48006318166085,1562789.13582477,3.815485279277373,45965.20828747611
D1_49g1T_001,3.0,pillar,91.72928000000002,236.48006318166085,886902.4492201789,3.815485279277373,91929.18366817494
D1_49g1T_001,4.0,cone,91.72928000000002,308.97428348793096,680623.483980907,3.815485279277373,20018.547461282848
D1_49g1T_001,4.0,cylinder,91.72928000000002,308.97428348793096,2041870.4519427214,3.815485279277373,60055.642383848535
D1_49g1T_001,4.0,pillar,91.72928000000002,308.97428348793096,1130521.9729736573,3.815485279277373,120110.34113180934
D1_49g1T_001,5.0,cone,94.42720000000001,429.7208169105459,1003111.5783479497,3.815485279277373,28660.48601957419
D1_49g1T_001,5.0,cylinder,94.42720000000001,429.7208169105459,3009334.7350438493,3.815485279277373,85981.45805872256
D1_49g1T_001,5.0,pillar,94.42720000000001,429.7208169105459,1656390.2779403154,3.815485279277373,171962.2176745705
D1_49g1T_001,6.0,cone,97.12512000000001,611.5151148015989,1510215.6254113382,3.815485279277373,41950.54622372014
D1_49g1T_001,6.0,cylinder,97.12512000000001,611.5151148015989,4530646.8762340145,3.815485279277373,125851.63867116041
D1_49g1T_001,6.0,pillar,97.12512000000001,611.5151148015989,2399289.137240138,3.815485279277373,251702.77251216627
D1_49g1T_001,7.0,cone,94.42720000000001,841.7932270725022,1965025.8945381537,3.815485279277373,56143.67621878391
D1_49g1T_001,7.0,cylinder,94.42720000000001,841.7932270725022,5895077.683614462,3.815485279277373,168431.02865635173
D1_49g1T_001,7.0,pillar,94.42720000000001,841.7932270725022,2857976.124885576,3.815485279277373,336861.70076885854
D1_49g1T_001,8.0,cone,97.12512000000001,1088.4507747112707,2688069.8901340375,3.815485279277373,74668.67108701673
D1_49g1T_001,8.0,cylinder,97.12512000000001,1088.4507747112707,8064209.670402112,3.815485279277373,224006.0132610502
D1_49g1T_001,8.0,pillar,97.12512000000001,1088.4507747112707,3775110.166900303,3.815485279277373,448011.7428973097
D1_49g1T_001,9.0,cone,99.82304,1247.3521609266597,3254013.075967773,3.815485279277373,87946.35587679822
D1_49g1T_001,9.0,cylinder,99.82304,1247.3521609266597,9762039.227903318,3.815485279277373,263839.06763039465
D1_49g1T_001,9.0,pillar,99.82304,1247.3521609266597,4048874.034984278,3.815485279277373,527677.8808923794
D1_49h1T_001,1.0,cone,99.82304,243.8795324767106,636217.431210899,3.815485279277373,17195.354816938947
D1_49h1T_001,1.0,cylinder,99.82304,243.8795324767106,1908652.2936326973,3.815485279277373,51586.06445081685
D1_49h1T_001,1.0,pillar,99.82304,243.8795324767106,1226778.8409407176,3.815485279277373,103170.82791595474
D1_49h1T_001,2.0,cone,121.40640000000002,267.42693587612126,1031945.9186298779,3.815485279277373,22932.45218343717
D1_49h1T_001,2.0,cylinder,121.40640000000002,267.42693587612126,3095837.755889634,3.815485279277373,68797.35655031151
D1_49h1T_001,2.0,pillar,121.40640000000002,267.42693587612126,1690046.3729489665,3.815485279277373,137593.27014066564
D1_49h1T_001,3.0,cone,110.61472000000002,333.8706824016021,1069480.2283739327,3.815485279277373,26085.117632865313
D1_49h1T_001,3.0,cylinder,110.61472000000002,333.8706824016021,3208440.685121798,3.815485279277373,78255.35289859594
D1_49h1T_001,3.0,pillar,110.61472000000002,333.8706824016021,2098216.499907409,3.815485279277373,156509.65273542271
D1_49h1T_001,4.0,cone,121.40640000000002,420.04634704721616,1620873.0509912272,3.815485279277373,36019.60528449324
D1_49h1T_001,4.0,cylinder,121.40640000000002,420.04634704721616,4862619.152973683,3.815485279277373,108058.81585347971
D1_49h1T_001,4.0,pillar,121.40640000000002,420.04634704721616,3374377.9715024256,3.815485279277373,216116.7130265135
D1_49h1T_001,5.0,cone,129.50016000000002,530.463918882755,2328976.3906739433,3.815485279277373,48520.51390633775
D1_49h1T_001,5.0,cylinder,129.50016000000002,530.463918882755,6986929.17202183,3.815485279277373,145561.54171901324
D1_49h1T_001,5.0,pillar,129.50016000000002,530.463918882755,5163691.284428299,3.815485279277373,291122.3074855335
D1_49h1T_001,6.0,cone,124.10432000000002,739.1981149922545,2980597.109733672,3.815485279277373,64795.70792840742
D1_49h1T_001,6.0,cylinder,124.10432000000002,739.1981149922545,8941791.329201017,3.815485279277373,194387.12378522224
D1_49h1T_001,6.0,pillar,124.10432000000002,739.1981149922545,6749279.433789173,3.815485279277373,388773.7139318968
D1_49h1T_001,7.0,cone,140.29184,906.6164647534495,4671507.50638339,3.815485279277373,89836.79211443887
D1_49h1T_001,7.0,cylinder,140.29184,906.6164647534495,14014522.519150171,3.815485279277373,269510.3763433166
D1_49h1T_001,7.0,pillar,140.29184,906.6164647534495,9221988.15353036,3.815485279277373,539020.2608395265
D1_49h1T_001,8.0,cone,159.17728000000002,1057.423877883274,7014228.315976472,3.815485279277373,118885.33202086511
D1_49h1T_001,8.0,cylinder,159.17728000000002,1057.423877883274,21042684.947929412,3.815485279277373,356655.99606259534
D1_49h1T_001,8.0,pillar,159.17728000000002,1057.423877883274,12744208.647371497,3.815485279277373,713311.5136566752
D1_49h1T_001,9.0,cone,142.98976000000002,1237.21468853632,6622524.421735795,3.815485279277373,124953.37260972956
D1_49h1T_001,9.0,cylinder,142.98976000000002,1237.21468853632,19867573.265207388,3.815485279277373,374860.11782918876
D1_49h1T_001,9.0,pillar,142.98976000000002,1237.21468853632,11833094.749376463,3.815485279277373,749719.8683072862
